{"last_raw_angle": 68.82819383259913, "zero_offset": -21.251101321585903}