{"last_raw_angle": 82.00862068965517, "zero_offset": -3.181034482758605}