{"last_raw_angle": 175.88793103448276, "zero_offset": -4.267241379310349}