{"last_raw_angle": 91.44578313253012, "zero_offset": 1.0843373493975903}