{"last_raw_angle": 66.9251101321586, "zero_offset": -21.092511013215862}