{"last_raw_angle": 87.37864077669903, "zero_offset": -2.621359223300971}