{"last_raw_angle": 6.902912621359223, "zero_offset": -2.796116504854369}