{"last_raw_angle": 9.293233082706767, "zero_offset": 1.2008592910848552}