{"last_raw_angle": 88.51456310679612, "zero_offset": -1.3980582524271845}