{"last_raw_angle": 69.62114537444934, "zero_offset": -19.506607929515418}