{"last_raw_angle": 93.10173697270471, "zero_offset": 2.674937965260545}