{"last_raw_angle": 89.5045871559633, "zero_offset": -0.4954128440366973}