{"last_raw_angle": 9.746898263027296, "zero_offset": 1.6625310173697265}