{"last_raw_angle": 11.518610421836229, "zero_offset": 3.096774193548388}