{"last_raw_angle": 71.36563876651982, "zero_offset": -19.506607929515418}