{"last_raw_angle": 175.26724137931035, "zero_offset": -3.879310344827587}