{"last_raw_angle": 69.02439024390243, "zero_offset": -21.46341463414634}