{"last_raw_angle": 69.97297297297298, "zero_offset": -19.783783783783786}