{"last_raw_angle": 83.36440677966101, "zero_offset": -6.177966101694892}